"split","Overall","AR","CP","FP-C","FP-S","LR","RR","action_recognition","attribute_comparison","attribute_recognition","celebrity_recognition","function_reasoning","future_prediction","identity_reasoning","image_emotion","image_quality","image_scene","image_style","image_topic","nature_relation","object_localization","ocr","physical_property_reasoning","physical_relation","social_relation","spatial_relationship","structuralized_imagetext_understanding"
"dev","0.5962199312714777","0.6231155778894473","0.6317567567567568","0.5454545454545454","0.6348122866894198","0.5084745762711864","0.5130434782608696","0.6666666666666666","0.5909090909090909","0.6756756756756757","0.7777777777777778","0.7341772151898734","0.5","0.6888888888888889","0.64","0.5094339622641509","0.8076923076923077","0.4528301886792453","0.5555555555555556","0.7291666666666666","0.3950617283950617","0.6923076923076923","0.4666666666666667","0.25","0.4186046511627907","0.35555555555555557","0.5128205128205128"
