"split","Overall","direct_attributes","relative_position"
"none","0.7015706806282722","0.7130434782608696","0.6842105263157895"
