"split","Overall","direct_attributes","relative_position"
"none","0.6701570680628273","0.6608695652173913","0.6842105263157895"
