"split","Overall","direct_attributes","relative_position"
"none","0.6963350785340314","0.6956521739130435","0.6973684210526315"
