"split","Overall","direct_attributes","relative_position"
"none","0.6910994764397905","0.7217391304347827","0.6447368421052632"
