"split","Overall","direct_attributes","relative_position"
"none","0.7120418848167539","0.7304347826086957","0.6842105263157895"
