"split","Overall","direct_attributes","relative_position"
"none","0.6963350785340314","0.7304347826086957","0.6447368421052632"
