"split","Overall","direct_attributes","relative_position"
"none","0.7225130890052356","0.7217391304347827","0.7236842105263158"
