"split","Overall","direct_attributes","relative_position"
"none","0.675392670157068","0.6608695652173913","0.6973684210526315"
