"split","Overall","direct_attributes","relative_position"
"none","0.7172774869109948","0.7130434782608696","0.7236842105263158"
