"split","Overall","direct_attributes","relative_position"
"none","0.7120418848167539","0.7130434782608696","0.7105263157894737"
