"split","Overall","direct_attributes","relative_position"
"none","0.7068062827225131","0.7304347826086957","0.6710526315789473"
